file_name,width,height,x_min,y_min,x_max,y_max,class_name
face_0.jpeg,650,333,56,102,112,151,face
face_0.jpeg,650,333,379,97,428,156,face
face_1.jpeg,1280,697,903,162,985,252,face
face_2.jpeg,460,240,216,12,279,80,face
face_2.jpeg,460,240,289,2,343,74,face
face_3.jpeg,600,291,297,79,357,134,face
face_4.jpeg,580,326,324,65,383,123,face
face_4.jpeg,580,326,224,61,284,132,face
face_4.jpeg,580,326,100,75,161,144,face
face_4.jpeg,580,326,415,65,490,135,face
face_4.jpeg,580,326,173,144,243,213,face
face_4.jpeg,580,326,369,138,427,199,face
face_5.jpeg,500,500,243,23,339,136,face
face_5.jpeg,500,500,187,262,271,397,face
face_6.jpeg,634,357,62,22,198,151,face
face_6.jpeg,634,357,193,12,296,145,face
face_6.jpeg,634,357,264,172,355,281,face
face_6.jpeg,634,357,327,76,434,207,face
face_6.jpeg,634,357,426,8,508,144,face
face_7.jpeg,800,450,375,122,452,208,face
face_8.jpeg,625,1026,85,333,294,570,face
face_8.jpeg,625,1026,347,725,538,871,face
face_9.jpeg,184,274,24,7,71,63,face
face_9.jpeg,184,274,113,26,171,105,face
face_10.jpeg,600,337,288,35,463,229,face
face_11.jpeg,648,960,30,157,132,287,face
face_11.jpeg,648,960,207,132,361,284,face
face_11.jpeg,648,960,366,180,463,293,face
face_11.jpeg,648,960,464,201,540,294,face
face_11.jpeg,648,960,533,222,611,305,face
face_12.jpeg,5000,3423,139,355,864,1304,face
face_12.jpeg,5000,3423,1002,754,1577,1659,face
face_12.jpeg,5000,3423,2653,399,3337,1390,face
face_12.jpeg,5000,3423,3382,994,3843,1683,face
face_12.jpeg,5000,3423,3892,607,4588,1443,face
face_13.jpeg,1400,642,340,93,494,234,face
face_13.jpeg,1400,642,494,225,648,413,face
face_13.jpeg,1400,642,699,266,880,439,face
face_13.jpeg,1400,642,895,68,1030,235,face
face_14.jpeg,1920,878,1227,138,1390,357,face
face_14.jpeg,1920,878,1037,241,1196,401,face
face_15.jpeg,750,375,197,31,298,146,face
face_15.jpeg,750,375,374,19,448,98,face
face_15.jpeg,750,375,508,42,593,138,face
face_16.jpeg,5040,3396,1103,568,1562,1048,face
face_16.jpeg,5040,3396,3331,704,3713,1157,face
face_17.jpeg,1280,720,392,97,466,175,face
face_18.jpeg,607,607,256,22,325,113,face
face_18.jpeg,607,607,290,361,386,452,face
face_19.jpeg,550,398,217,55,377,249,face
face_20.jpeg,480,360,239,75,377,248,face
face_21.jpeg,480,360,52,65,179,147,face
face_22.jpeg,525,386,415,77,472,144,face
face_22.jpeg,525,386,58,56,136,118,face
face_23.jpeg,275,350,62,130,136,279,face
face_23.jpeg,275,350,116,183,207,302,face
face_24.jpeg,600,400,38,46,122,137,face
face_24.jpeg,600,400,130,131,162,184,face
face_24.jpeg,600,400,237,32,301,105,face
face_24.jpeg,600,400,525,59,580,139,face
face_24.jpeg,600,400,444,218,521,276,face
face_24.jpeg,600,400,391,88,418,122,face
face_25.jpeg,600,350,294,71,348,146,face
face_26.jpeg,400,300,134,46,273,226,face
face_27.jpeg,700,700,217,94,299,172,face
face_27.jpeg,700,700,350,452,443,557,face
face_28.jpeg,625,415,175,11,506,395,face
face_29.jpeg,670,373,429,21,548,144,face
face_29.jpeg,670,373,219,77,318,181,face
face_29.jpeg,670,373,73,97,164,206,face
face_30.jpeg,640,960,217,157,344,311,face
face_30.jpeg,640,960,349,197,437,320,face
face_31.jpeg,800,335,298,92,434,244,face
face_32.jpeg,715,1118,105,368,190,471,face
face_32.jpeg,715,1118,294,322,439,458,face
face_32.jpeg,715,1118,193,188,308,324,face
face_32.jpeg,715,1118,529,334,637,443,face
face_33.jpeg,710,710,50,364,171,517,face
face_33.jpeg,710,710,394,316,539,562,face
face_33.jpeg,710,710,553,346,689,552,face
face_33.jpeg,710,710,382,88,541,301,face
face_33.jpeg,710,710,526,106,640,286,face
face_33.jpeg,710,710,121,202,249,404,face
face_33.jpeg,710,710,245,271,324,392,face
face_33.jpeg,710,710,77,72,151,166,face
face_33.jpeg,710,710,170,74,290,158,face
face_34.jpeg,710,473,275,126,344,234,face
face_34.jpeg,710,473,368,5,451,105,face
face_34.jpeg,710,473,217,113,250,149,face
face_35.jpeg,710,473,115,77,204,186,face
face_35.jpeg,710,473,576,28,659,115,face
face_35.jpeg,710,473,215,374,353,473,face
face_36.jpeg,640,587,56,26,106,121,face
face_36.jpeg,640,587,124,24,219,145,face
face_36.jpeg,640,587,306,19,503,218,face
face_36.jpeg,640,587,486,352,608,505,face
face_36.jpeg,640,587,340,312,413,387,face
face_36.jpeg,640,587,47,309,124,380,face
face_36.jpeg,640,587,48,391,155,538,face
face_37.jpeg,1296,730,990,160,1113,310,face
face_38.jpeg,720,1081,307,405,481,615,face
face_38.jpeg,720,1081,345,102,499,288,face
face_39.jpeg,2000,1504,1495,91,1608,340,face
face_40.jpeg,640,402,140,106,201,241,face
face_40.jpeg,640,402,363,157,435,262,face
face_41.jpeg,516,340,361,123,435,192,face
face_42.jpeg,804,350,255,101,307,158,face
face_42.jpeg,804,350,377,53,436,108,face
face_42.jpeg,804,350,152,224,202,275,face
face_42.jpeg,804,350,473,213,526,262,face
face_43.jpeg,495,448,89,13,218,143,face
face_43.jpeg,495,448,3,275,79,353,face
face_43.jpeg,495,448,114,318,184,388,face
face_43.jpeg,495,448,210,300,276,366,face
face_43.jpeg,495,448,332,252,406,346,face
face_43.jpeg,495,448,440,249,495,332,face
face_44.jpeg,620,521,183,269,266,384,face
face_44.jpeg,620,521,477,359,558,442,face
face_45.jpeg,920,643,148,71,218,135,face
face_45.jpeg,920,643,110,275,200,355,face
face_46.jpeg,920,614,302,283,350,344,face
face_46.jpeg,920,614,569,257,631,322,face
face_47.jpeg,640,1136,261,66,410,288,face
face_47.jpeg,640,1136,302,458,494,645,face
face_47.jpeg,640,1136,47,440,221,666,face
face_47.jpeg,640,1136,317,818,468,1010,face
face_48.jpeg,800,600,43,161,213,296,face
face_48.jpeg,800,600,265,218,366,296,face
face_48.jpeg,800,600,365,67,451,145,face
face_48.jpeg,800,600,464,212,571,311,face
face_48.jpeg,800,600,568,99,685,203,face
face_49.jpeg,800,600,76,138,268,347,face
face_49.jpeg,800,600,282,189,437,364,face
face_49.jpeg,800,600,446,152,637,396,face
face_49.jpeg,800,600,616,112,749,303,face
face_50.jpeg,1000,1096,686,265,787,475,face
face_51.jpeg,1125,750,325,202,468,362,face
face_51.jpeg,1125,750,197,415,336,544,face
face_51.jpeg,1125,750,518,229,653,361,face
face_51.jpeg,1125,750,685,191,826,345,face
face_52.jpeg,1280,720,233,50,345,180,face
face_52.jpeg,1280,720,900,29,1036,176,face
face_53.jpeg,1728,1088,520,566,713,702,face
face_53.jpeg,1728,1088,953,543,1120,685,face
face_53.jpeg,1728,1088,653,206,841,384,face
face_53.jpeg,1728,1088,1090,103,1249,258,face
face_53.jpeg,1728,1088,859,54,1041,240,face
face_54.jpeg,550,366,176,104,227,164,face
face_54.jpeg,550,366,408,153,447,197,face
face_55.jpeg,1280,720,523,125,723,297,face
face_56.jpeg,640,426,252,74,339,162,face
face_56.jpeg,640,426,165,50,232,145,face
face_57.jpeg,413,730,220,309,295,397,face
face_57.jpeg,413,730,206,551,288,640,face
face_58.jpeg,486,585,130,99,188,166,face
face_59.jpeg,800,533,559,130,717,298,face
face_59.jpeg,800,533,348,116,537,320,face
face_59.jpeg,800,533,156,138,335,378,face
face_60.jpeg,320,180,215,37,271,92,face
face_60.jpeg,320,180,51,30,92,88,face
face_61.jpeg,390,250,165,6,236,100,face
face_61.jpeg,390,250,291,36,363,123,face
face_62.jpeg,612,570,111,240,218,332,face
face_62.jpeg,612,570,85,434,198,520,face
face_63.jpeg,600,599,151,34,237,131,face
face_63.jpeg,600,599,214,71,297,165,face
face_63.jpeg,600,599,370,75,467,201,face
face_64.jpeg,750,312,143,12,326,217,face
face_65.jpeg,860,460,75,38,304,227,face
face_66.jpeg,620,375,268,50,353,149,face
face_67.jpeg,2400,1350,1126,236,1589,747,face
face_67.jpeg,2400,1350,1736,472,2018,831,face
face_68.jpeg,602,373,270,25,397,194,face
face_69.jpeg,602,375,56,198,209,342,face
face_69.jpeg,602,375,289,208,352,266,face
face_69.jpeg,602,375,430,205,523,293,face
face_69.jpeg,602,375,450,16,571,121,face
face_69.jpeg,602,375,299,17,393,136,face
face_69.jpeg,602,375,30,0,183,179,face
face_70.jpeg,610,203,36,9,281,198,face
face_70.jpeg,610,203,313,10,464,118,face
face_70.jpeg,610,203,547,47,610,134,face
face_71.jpeg,425,282,32,33,112,123,face
face_71.jpeg,425,282,111,89,163,166,face
face_71.jpeg,425,282,159,33,210,113,face
face_71.jpeg,425,282,214,53,274,129,face
face_71.jpeg,425,282,254,107,317,185,face
face_71.jpeg,425,282,313,48,377,126,face
face_72.jpeg,425,282,59,98,139,186,face
face_72.jpeg,425,282,125,58,219,133,face
face_72.jpeg,425,282,208,23,285,127,face
face_72.jpeg,425,282,297,28,369,135,face
face_73.jpeg,800,1188,316,311,517,600,face
face_74.jpeg,760,507,132,163,185,237,face
face_74.jpeg,760,507,201,177,254,229,face
face_74.jpeg,760,507,289,114,388,222,face
face_74.jpeg,760,507,434,134,530,230,face
face_74.jpeg,760,507,518,113,596,201,face
face_74.jpeg,760,507,634,19,760,146,face
face_75.jpeg,350,183,93,13,188,122,face
face_76.jpeg,855,575,236,94,308,182,face
face_76.jpeg,855,575,303,77,369,179,face
face_77.jpeg,550,334,420,0,550,124,face
face_78.jpeg,650,512,128,91,234,180,face
face_78.jpeg,650,512,323,94,405,188,face
face_79.jpeg,638,425,182,51,419,293,face
face_80.jpeg,1280,719,310,146,468,299,face
face_80.jpeg,1280,719,514,33,686,233,face
face_81.jpeg,1280,720,586,270,665,345,face
face_81.jpeg,1280,720,36,254,89,331,face
face_82.jpeg,500,286,235,10,299,82,face
face_83.jpeg,940,627,280,73,379,194,face
face_83.jpeg,940,627,454,181,542,280,face
face_83.jpeg,940,627,656,118,766,219,face
face_83.jpeg,940,627,314,311,412,396,face
face_84.jpeg,700,467,314,134,448,270,face
face_85.jpeg,1280,720,337,101,544,277,face
face_85.jpeg,1280,720,795,40,1005,253,face
face_86.jpeg,1920,1080,720,252,942,487,face
face_86.jpeg,1920,1080,940,293,1113,543,face
face_87.jpeg,3783,2118,1736,946,2272,1538,face
face_87.jpeg,3783,2118,2275,595,2870,1150,face
face_87.jpeg,3783,2118,1668,225,2177,721,face
face_87.jpeg,3783,2118,691,151,1193,786,face
face_88.jpeg,750,499,57,12,122,91,face
face_89.jpeg,535,793,63,44,369,428,face
face_90.jpeg,2741,2700,938,666,1740,1566,face
face_91.jpeg,1910,1000,838,133,993,302,face
face_92.jpeg,600,400,49,64,148,164,face
face_93.jpeg,590,421,163,67,247,162,face
face_93.jpeg,590,421,238,89,315,194,face
face_93.jpeg,590,421,368,74,452,189,face
face_93.jpeg,590,421,444,54,522,180,face
face_94.jpeg,3000,2000,1355,888,1567,1086,face
face_95.jpeg,570,570,141,207,330,426,face
face_96.jpeg,570,428,144,9,406,264,face
face_97.jpeg,700,394,331,63,555,285,face
face_97.jpeg,700,394,211,3,321,186,face
face_98.jpeg,480,360,99,68,299,291,face
face_99.jpeg,600,393,119,62,187,207,face
face_99.jpeg,600,393,243,48,381,219,face
face_99.jpeg,600,393,390,41,476,203,face
face_100.jpeg,1280,720,337,133,410,205,face
face_100.jpeg,1280,720,545,166,638,246,face
face_100.jpeg,1280,720,793,215,894,333,face
face_101.jpeg,920,615,101,45,175,118,face
face_101.jpeg,920,615,289,104,357,181,face
face_102.jpeg,640,360,223,96,425,304,face
face_103.jpeg,460,259,7,12,127,144,face
face_103.jpeg,460,259,173,14,260,138,face
face_103.jpeg,460,259,332,14,457,183,face
face_104.jpeg,780,438,72,10,163,109,face
face_104.jpeg,780,438,308,87,419,219,face
face_105.jpeg,460,259,194,26,279,140,face
face_106.jpeg,931,524,193,56,363,248,face
face_106.jpeg,931,524,473,295,622,446,face
face_106.jpeg,931,524,605,23,795,237,face
face_107.jpeg,800,449,24,31,126,159,face
face_107.jpeg,800,449,164,220,299,315,face
face_107.jpeg,800,449,432,24,576,163,face
face_108.jpeg,500,303,205,54,288,131,face
face_109.jpeg,1100,757,441,131,717,439,face
face_110.jpeg,480,360,204,48,304,170,face
face_110.jpeg,480,360,6,50,120,186,face
face_110.jpeg,480,360,150,53,210,147,face
face_110.jpeg,480,360,360,48,480,209,face
face_111.jpeg,2376,1584,157,113,609,639,face
face_111.jpeg,2376,1584,682,265,1026,688,face
face_111.jpeg,2376,1584,1019,108,1446,584,face
face_111.jpeg,2376,1584,1335,339,1723,778,face
face_111.jpeg,2376,1584,1838,344,2239,862,face
face_112.jpeg,521,528,83,22,249,181,face
face_112.jpeg,521,528,244,288,390,433,face
face_113.jpeg,1252,1252,357,365,476,483,face
face_114.jpeg,1047,546,694,165,996,484,face
face_115.jpeg,691,1024,439,45,648,342,face
face_116.jpeg,1250,650,607,45,689,134,face
face_116.jpeg,1250,650,130,471,228,608,face
face_116.jpeg,1250,650,990,85,1071,168,face
face_116.jpeg,1250,650,157,138,241,217,face
face_116.jpeg,1250,650,43,64,131,134,face
face_116.jpeg,1250,650,343,93,413,167,face
face_116.jpeg,1250,650,932,436,1008,520,face
face_116.jpeg,1250,650,435,158,516,225,face
face_117.jpeg,2700,1800,1919,447,2142,681,face
face_117.jpeg,2700,1800,1330,472,1487,656,face
face_117.jpeg,2700,1800,421,522,711,818,face
face_117.jpeg,2700,1800,583,946,784,1100,face
face_118.jpeg,1024,296,382,14,575,189,face
face_119.jpeg,634,339,52,53,155,189,face
face_119.jpeg,634,339,166,9,267,166,face
face_119.jpeg,634,339,285,23,398,151,face
face_119.jpeg,634,339,400,77,474,195,face
face_119.jpeg,634,339,494,48,573,180,face
face_120.jpeg,468,286,218,2,467,274,face
face_121.jpeg,634,393,432,11,609,227,face
face_122.jpeg,600,350,182,15,242,103,face
face_122.jpeg,600,350,364,100,458,178,face
face_123.jpeg,399,287,306,64,357,129,face
face_124.jpeg,1920,1080,264,22,1289,1078,face
face_125.jpeg,1080,1350,343,608,488,763,face
face_125.jpeg,1080,1350,306,350,463,538,face
face_125.jpeg,1080,1350,626,338,721,444,face
face_125.jpeg,1080,1350,452,232,556,348,face
face_125.jpeg,1080,1350,678,171,781,300,face
face_125.jpeg,1080,1350,741,626,919,759,face
face_126.jpeg,1280,720,908,126,1004,223,face
face_126.jpeg,1280,720,189,201,262,271,face
face_127.jpeg,736,588,276,86,367,234,face
face_127.jpeg,736,588,449,167,563,284,face
face_128.jpeg,598,601,212,348,275,403,face
face_128.jpeg,598,601,431,351,477,400,face
face_128.jpeg,598,601,131,18,237,139,face
face_128.jpeg,598,601,441,101,556,221,face
face_129.jpeg,1000,304,465,49,542,130,face
face_130.jpeg,3000,2161,1222,263,1726,744,face
face_131.jpeg,640,400,171,53,328,219,face
face_131.jpeg,640,400,23,71,84,130,face
face_131.jpeg,640,400,431,100,469,147,face
face_131.jpeg,640,400,400,97,435,149,face
face_132.jpeg,605,747,152,15,341,216,face
face_133.jpeg,630,418,73,38,235,235,face
face_133.jpeg,630,418,275,99,479,297,face
face_134.jpeg,700,378,198,18,500,346,face
face_135.jpeg,1140,720,504,89,558,158,face
face_135.jpeg,1140,720,727,149,779,198,face
face_135.jpeg,1140,720,1000,167,1070,221,face
face_135.jpeg,1140,720,132,225,188,277,face
face_136.jpeg,1024,512,259,20,553,343,face
face_137.jpeg,759,422,49,112,119,194,face
face_137.jpeg,759,422,582,142,712,295,face
face_137.jpeg,759,422,201,55,274,122,face
face_137.jpeg,759,422,394,180,465,254,face
face_138.jpeg,560,246,200,56,233,88,face
face_138.jpeg,560,246,311,59,352,99,face
face_139.jpeg,598,507,148,18,259,152,face
face_139.jpeg,598,507,162,275,252,410,face
face_140.jpeg,538,330,24,128,117,223,face
face_140.jpeg,538,330,92,54,168,171,face
face_140.jpeg,538,330,197,54,259,166,face
face_140.jpeg,538,330,315,69,397,176,face
face_140.jpeg,538,330,411,23,486,110,face
face_141.jpeg,530,280,45,28,134,131,face
face_141.jpeg,530,280,183,11,281,145,face
face_141.jpeg,530,280,312,78,404,199,face
face_141.jpeg,530,280,407,51,495,162,face
face_142.jpeg,362,600,194,25,283,132,face
face_142.jpeg,362,600,67,215,137,292,face
face_142.jpeg,362,600,219,247,294,320,face
face_142.jpeg,362,600,207,423,291,518,face
face_143.jpeg,920,518,369,75,535,220,face
face_144.jpeg,3000,2000,1615,439,1953,826,face
face_145.jpeg,650,360,296,53,405,163,face
face_146.jpeg,1000,667,143,135,235,247,face
face_146.jpeg,1000,667,384,219,452,287,face
face_146.jpeg,1000,667,493,81,572,193,face
face_146.jpeg,1000,667,706,227,796,304,face
face_146.jpeg,1000,667,671,371,736,432,face
face_146.jpeg,1000,667,784,312,853,397,face
face_147.jpeg,184,273,55,25,97,78,face
face_148.jpeg,6016,4016,1473,68,2648,1772,face
face_148.jpeg,6016,4016,2635,1206,3580,2580,face
face_148.jpeg,6016,4016,3524,640,4512,2543,face
face_149.jpeg,766,389,372,51,426,106,face
face_150.jpeg,400,300,138,22,286,229,face
face_151.jpeg,860,496,340,146,535,394,face
face_151.jpeg,860,496,483,37,663,267,face
face_152.jpeg,870,362,238,114,386,251,face
face_152.jpeg,870,362,84,194,202,320,face
face_153.jpeg,1300,731,255,161,423,387,face
face_153.jpeg,1300,731,629,314,767,480,face
face_153.jpeg,1300,731,923,176,1077,374,face
face_154.jpeg,450,300,67,49,100,98,face
face_154.jpeg,450,300,30,107,65,141,face
face_154.jpeg,450,300,122,25,155,64,face
face_154.jpeg,450,300,166,88,200,123,face
face_154.jpeg,450,300,344,70,376,114,face
face_155.jpeg,2000,699,921,281,1333,654,face
face_155.jpeg,2000,699,1386,273,1814,660,face
face_155.jpeg,2000,699,483,0,775,354,face
face_156.jpeg,850,574,394,187,552,367,face
face_156.jpeg,850,574,522,109,606,203,face
face_156.jpeg,850,574,83,228,157,344,face
face_156.jpeg,850,574,274,177,360,274,face
face_156.jpeg,850,574,356,155,413,233,face
face_156.jpeg,850,574,710,81,771,135,face
face_156.jpeg,850,574,25,181,73,234,face
face_156.jpeg,850,574,90,163,142,222,face
face_157.jpeg,1440,907,593,231,768,432,face
face_158.jpeg,640,334,222,18,321,121,face
face_158.jpeg,640,334,363,118,442,225,face
face_158.jpeg,640,334,469,116,637,269,face
face_159.jpeg,4993,3538,1656,631,2136,1246,face
face_159.jpeg,4993,3538,1363,1356,1782,1934,face
face_159.jpeg,4993,3538,2560,1254,2967,1861,face
face_159.jpeg,4993,3538,2962,460,3365,1116,face
face_159.jpeg,4993,3538,3626,912,3927,1421,face
face_160.jpeg,759,422,295,140,442,305,face
face_161.jpeg,1000,563,443,82,550,202,face
face_161.jpeg,1000,563,830,276,906,367,face
face_162.jpeg,1280,747,246,40,512,396,face
face_162.jpeg,1280,747,590,286,797,499,face
face_162.jpeg,1280,747,854,510,1009,715,face
face_163.jpeg,1280,730,287,222,605,583,face
face_163.jpeg,1280,730,591,413,864,684,face
face_164.jpeg,630,1300,105,147,196,229,face
face_164.jpeg,630,1300,380,197,493,309,face
face_164.jpeg,630,1300,229,511,458,725,face
face_164.jpeg,630,1300,331,860,472,1056,face
face_165.jpeg,1024,579,388,26,654,386,face
face_166.jpeg,800,225,70,50,128,127,face
face_166.jpeg,800,225,118,138,184,194,face
face_166.jpeg,800,225,179,82,242,155,face
face_166.jpeg,800,225,325,89,366,137,face
face_166.jpeg,800,225,373,58,415,110,face
face_166.jpeg,800,225,356,153,403,194,face
face_166.jpeg,800,225,472,110,507,148,face
face_166.jpeg,800,225,472,17,509,57,face
face_166.jpeg,800,225,614,9,659,74,face
face_166.jpeg,800,225,676,150,729,209,face
face_166.jpeg,800,225,692,2,755,59,face
face_167.jpeg,1920,1080,99,256,296,486,face
face_167.jpeg,1920,1080,307,155,407,306,face
face_167.jpeg,1920,1080,532,149,645,292,face
face_167.jpeg,1920,1080,795,32,900,204,face
face_167.jpeg,1920,1080,938,20,1039,177,face
face_167.jpeg,1920,1080,1059,83,1127,175,face
face_167.jpeg,1920,1080,1289,66,1392,189,face
face_167.jpeg,1920,1080,1541,191,1648,302,face
face_167.jpeg,1920,1080,1745,419,1888,621,face
face_168.jpeg,1920,1080,276,89,837,514,face
face_169.jpeg,647,404,154,60,214,151,face
face_169.jpeg,647,404,447,112,518,202,face
face_170.jpeg,1200,600,107,57,403,339,face
face_170.jpeg,1200,600,719,37,935,297,face
face_171.jpeg,640,427,266,34,487,266,face
face_172.jpeg,4992,3328,134,408,913,1672,face
face_172.jpeg,4992,3328,804,1357,1692,2275,face
face_172.jpeg,4992,3328,1728,552,2496,1744,face
face_172.jpeg,4992,3328,2486,986,3187,2002,face
face_172.jpeg,4992,3328,3017,470,3827,1569,face
face_172.jpeg,4992,3328,4043,413,4750,1574,face
face_173.jpeg,3370,2385,796,650,1008,891,face
face_173.jpeg,3370,2385,1143,511,1395,698,face
face_173.jpeg,3370,2385,1548,997,1756,1209,face
face_173.jpeg,3370,2385,1899,1056,2132,1242,face
face_173.jpeg,3370,2385,2348,829,2574,1030,face
face_174.jpeg,700,350,217,27,347,172,face
face_174.jpeg,700,350,427,14,548,142,face
face_175.jpeg,1433,1321,240,366,552,721,face
face_175.jpeg,1433,1321,662,379,952,723,face
face_176.jpeg,640,794,181,53,255,142,face
face_176.jpeg,640,794,211,308,280,388,face
face_176.jpeg,640,794,378,572,452,657,face
face_177.jpeg,236,389,100,14,129,52,face
face_177.jpeg,236,389,83,114,125,170,face
face_177.jpeg,236,389,155,122,184,149,face
face_177.jpeg,236,389,97,201,147,258,face
face_177.jpeg,236,389,165,225,209,267,face
face_177.jpeg,236,389,103,308,147,354,face
face_178.jpeg,405,600,200,10,320,122,face
face_179.jpeg,729,400,52,6,120,120,face
face_179.jpeg,729,400,263,11,321,103,face
face_179.jpeg,729,400,491,30,600,167,face
face_180.jpeg,500,400,258,0,305,102,face
face_180.jpeg,500,400,310,68,342,154,face
face_181.jpeg,1250,829,543,180,646,291,face
face_182.jpeg,592,400,172,25,290,152,face
face_182.jpeg,592,400,383,54,490,173,face
face_183.jpeg,1200,600,737,239,836,345,face
face_183.jpeg,1200,600,586,317,670,434,face
face_183.jpeg,1200,600,248,434,359,532,face
face_183.jpeg,1200,600,1021,438,1134,534,face
face_183.jpeg,1200,600,95,60,207,173,face
face_183.jpeg,1200,600,278,81,391,183,face
face_183.jpeg,1200,600,437,97,559,213,face
face_183.jpeg,1200,600,797,106,884,222,face
face_183.jpeg,1200,600,900,129,1015,243,face
face_184.jpeg,625,1042,267,96,344,191,face
face_184.jpeg,625,1042,346,449,438,581,face
face_184.jpeg,625,1042,291,773,391,894,face
face_185.jpeg,480,360,11,81,86,216,face
face_185.jpeg,480,360,138,108,182,166,face
face_185.jpeg,480,360,306,70,371,170,face
face_185.jpeg,480,360,399,62,479,167,face
face_186.jpeg,576,720,97,15,195,130,face
face_186.jpeg,576,720,222,21,287,103,face
face_186.jpeg,576,720,203,253,276,334,face
face_186.jpeg,576,720,92,245,178,355,face
face_186.jpeg,576,720,103,515,189,630,face
face_186.jpeg,576,720,201,519,259,605,face
face_187.jpeg,1024,683,130,69,227,218,face
face_187.jpeg,1024,683,235,173,321,274,face
face_187.jpeg,1024,683,359,229,450,333,face
face_187.jpeg,1024,683,450,143,516,275,face
face_187.jpeg,1024,683,616,58,735,198,face
face_187.jpeg,1024,683,785,53,889,204,face
face_187.jpeg,1024,683,925,186,992,283,face
face_188.jpeg,3360,1360,722,10,1253,475,face
face_188.jpeg,3360,1360,354,552,778,878,face
face_188.jpeg,3360,1360,1937,125,2607,624,face
face_189.jpeg,620,370,192,2,377,275,face
face_189.jpeg,620,370,391,7,589,287,face
face_190.jpeg,725,483,91,61,189,214,face
face_190.jpeg,725,483,215,94,298,227,face
face_190.jpeg,725,483,334,124,448,232,face
face_190.jpeg,725,483,482,48,600,212,face
face_191.jpeg,1440,907,158,273,251,370,face
face_191.jpeg,1440,907,652,354,741,436,face
face_191.jpeg,1440,907,1119,61,1217,170,face
face_192.jpeg,1280,853,129,249,417,594,face
face_192.jpeg,1280,853,429,17,595,250,face
face_192.jpeg,1280,853,618,54,824,277,face
face_192.jpeg,1280,853,729,291,1008,653,face
face_193.jpeg,500,377,61,107,166,217,face
face_193.jpeg,500,377,156,7,260,156,face
face_193.jpeg,500,377,243,73,310,183,face
face_193.jpeg,500,377,315,43,413,174,face
face_194.jpeg,590,350,67,91,163,240,face
face_194.jpeg,590,350,202,102,329,244,face
face_194.jpeg,590,350,317,19,525,269,face
face_195.jpeg,5184,3456,573,753,1140,1427,face
face_195.jpeg,5184,3456,1612,663,2117,1292,face
face_195.jpeg,5184,3456,2224,983,2679,1461,face
face_195.jpeg,5184,3456,3785,1158,4386,1742,face
face_195.jpeg,5184,3456,3072,1321,3527,1770,face
face_195.jpeg,5184,3456,4353,1388,4920,1939,face
face_196.jpeg,1200,587,109,112,291,286,face
face_196.jpeg,1200,587,311,192,432,309,face
face_196.jpeg,1200,587,499,203,641,327,face
face_196.jpeg,1200,587,892,116,1058,313,face
face_197.jpeg,612,338,139,18,235,106,face
face_197.jpeg,612,338,145,128,230,266,face
face_197.jpeg,612,338,292,109,396,227,face
face_197.jpeg,612,338,429,144,535,262,face
face_198.jpeg,2716,1810,726,392,1118,1013,face
face_198.jpeg,2716,1810,1193,547,1468,945,face
face_198.jpeg,2716,1810,1461,376,1755,814,face
face_198.jpeg,2716,1810,1786,509,2276,1122,face
face_199.jpeg,948,632,255,130,346,234,face
face_199.jpeg,948,632,420,105,535,227,face
face_199.jpeg,948,632,617,293,702,373,face
face_199.jpeg,948,632,759,232,846,322,face
face_200.jpeg,530,313,64,31,207,204,face
face_200.jpeg,530,313,351,21,469,188,face
face_201.jpeg,355,236,149,70,207,129,face
face_202.jpeg,1265,949,533,131,617,237,face
face_203.jpeg,1000,1096,106,248,202,355,face
face_203.jpeg,1000,1096,265,261,350,360,face
face_203.jpeg,1000,1096,531,258,613,384,face
face_203.jpeg,1000,1096,748,256,817,364,face
face_204.jpeg,660,396,140,117,207,172,face
face_204.jpeg,660,396,230,96,314,179,face
face_204.jpeg,660,396,318,114,390,185,face
face_204.jpeg,660,396,433,139,503,199,face
face_205.jpeg,480,270,146,32,326,222,face
face_206.jpeg,320,180,147,34,190,73,face
face_207.jpeg,480,297,16,82,201,237,face
face_208.jpeg,1688,1125,448,232,693,514,face
face_208.jpeg,1688,1125,711,269,905,476,face
face_208.jpeg,1688,1125,594,600,770,840,face
face_208.jpeg,1688,1125,876,699,1148,979,face
face_209.jpeg,555,370,287,127,328,161,face
face_209.jpeg,555,370,105,21,142,57,face
face_209.jpeg,555,370,226,98,264,130,face
face_209.jpeg,555,370,414,130,453,166,face
face_210.jpeg,182,268,109,7,149,49,face
face_210.jpeg,182,268,31,51,72,85,face
face_211.jpeg,540,578,47,59,208,187,face
face_211.jpeg,540,578,352,26,458,158,face
face_211.jpeg,540,578,66,346,157,454,face
face_211.jpeg,540,578,366,318,475,449,face
face_212.jpeg,540,811,320,20,470,214,face
face_212.jpeg,540,811,86,284,198,405,face
face_212.jpeg,540,811,304,352,406,460,face
face_212.jpeg,540,811,130,563,228,696,face
face_212.jpeg,540,811,295,627,406,728,face
face_213.jpeg,620,389,172,84,266,176,face
face_213.jpeg,620,389,72,124,140,196,face
face_213.jpeg,620,389,296,123,360,202,face
face_213.jpeg,620,389,502,283,550,331,face
face_213.jpeg,620,389,513,145,556,186,face
face_214.jpeg,1024,683,550,65,607,136,face
face_214.jpeg,1024,683,229,326,277,406,face
face_215.jpeg,420,700,152,49,289,182,face
face_215.jpeg,420,700,124,511,222,632,face
face_216.jpeg,500,588,166,42,312,228,face
face_216.jpeg,500,588,203,306,370,506,face
face_217.jpeg,545,635,59,88,150,201,face
face_217.jpeg,545,635,139,59,221,161,face
face_217.jpeg,545,635,426,55,511,213,face
face_217.jpeg,545,635,303,348,424,494,face
face_218.jpeg,432,304,63,17,195,170,face
face_219.jpeg,1777,999,922,174,1228,472,face
face_219.jpeg,1777,999,554,226,767,428,face
face_220.jpeg,640,480,117,147,164,195,face
face_220.jpeg,640,480,261,164,302,204,face
face_221.jpeg,650,320,32,98,202,276,face
face_222.jpeg,970,606,326,116,446,277,face
face_222.jpeg,970,606,841,87,955,285,face
face_223.jpeg,480,313,149,21,228,140,face
face_223.jpeg,480,313,287,59,376,156,face
face_224.jpeg,2000,1333,544,312,719,594,face
face_224.jpeg,2000,1333,1034,310,1151,594,face
face_225.jpeg,620,330,251,53,337,152,face
face_226.jpeg,5616,3744,725,1776,1265,2217,face
face_226.jpeg,5616,3744,1746,1283,2384,1892,face
face_226.jpeg,5616,3744,2535,894,2936,1405,face
face_226.jpeg,5616,3744,3110,1138,3469,1643,face
face_226.jpeg,5616,3744,3968,1103,4334,1492,face
face_226.jpeg,5616,3744,4589,1724,5013,2235,face
face_227.jpeg,1000,500,53,33,172,166,face
face_227.jpeg,1000,500,180,20,272,139,face
face_227.jpeg,1000,500,417,33,562,182,face
face_227.jpeg,1000,500,676,50,761,156,face
face_227.jpeg,1000,500,905,29,999,166,face
face_228.jpeg,940,600,91,90,283,364,face
face_228.jpeg,940,600,298,65,483,289,face
face_228.jpeg,940,600,503,135,633,311,face
face_228.jpeg,940,600,654,162,819,358,face
face_229.jpeg,640,280,114,28,180,109,face
face_229.jpeg,640,280,220,125,265,174,face
face_229.jpeg,640,280,335,8,390,63,face
face_229.jpeg,640,280,415,88,455,151,face
face_229.jpeg,640,280,506,17,548,74,face
face_230.jpeg,480,360,255,55,361,207,face
face_230.jpeg,480,360,353,170,424,239,face
face_230.jpeg,480,360,319,212,351,243,face
face_231.jpeg,950,460,541,94,611,181,face
face_231.jpeg,950,460,726,127,805,232,face
face_231.jpeg,950,460,667,96,728,157,face
face_231.jpeg,950,460,448,43,512,112,face
face_231.jpeg,950,460,273,33,360,122,face
face_231.jpeg,950,460,161,101,240,171,face
face_231.jpeg,950,460,106,127,173,191,face
face_232.jpeg,500,290,70,97,163,187,face
face_232.jpeg,500,290,311,8,404,93,face
face_233.jpeg,1280,720,837,112,1124,357,face
face_233.jpeg,1280,720,611,392,775,557,face
face_234.jpeg,575,385,64,53,173,216,face
face_234.jpeg,575,385,190,62,288,248,face
face_234.jpeg,575,385,301,102,430,266,face
face_234.jpeg,575,385,403,82,546,249,face
face_235.jpeg,480,360,95,121,172,237,face
face_235.jpeg,480,360,280,126,329,174,face
face_235.jpeg,480,360,390,126,443,181,face
face_236.jpeg,480,360,325,107,392,185,face
face_236.jpeg,480,360,142,128,199,195,face
face_237.jpeg,480,360,192,64,353,246,face
face_238.jpeg,480,360,235,100,279,148,face
face_238.jpeg,480,360,138,124,197,188,face
face_239.jpeg,480,360,124,90,263,238,face
face_240.jpeg,480,360,131,70,189,126,face
face_240.jpeg,480,360,17,69,77,140,face
face_240.jpeg,480,360,379,79,439,137,face
face_241.jpeg,480,360,174,55,385,285,face
face_242.jpeg,864,1280,313,414,475,588,face
face_242.jpeg,864,1280,542,121,769,332,face
face_243.jpeg,775,500,350,60,435,183,face
face_244.jpeg,600,300,383,129,499,245,face
face_244.jpeg,600,300,167,40,281,205,face
face_244.jpeg,600,300,293,84,333,125,face
face_244.jpeg,600,300,377,12,417,58,face
face_244.jpeg,600,300,550,31,596,81,face
face_245.jpeg,1200,662,552,109,787,395,face
face_245.jpeg,1200,662,369,13,547,426,face
face_246.jpeg,630,472,35,24,338,336,face
face_246.jpeg,630,472,290,2,490,308,face
face_247.jpeg,505,379,183,65,353,268,face
face_248.jpeg,720,864,205,257,470,481,face
face_248.jpeg,720,864,46,438,308,671,face
face_249.jpeg,1320,740,432,101,539,324,face
face_250.jpeg,600,804,80,63,315,306,face
face_251.jpeg,992,415,619,83,730,189,face
face_251.jpeg,992,415,518,273,626,374,face
face_251.jpeg,992,415,268,256,383,359,face
face_251.jpeg,992,415,386,217,492,323,face
face_252.jpeg,435,518,52,97,140,191,face
face_252.jpeg,435,518,212,165,281,233,face
face_253.jpeg,900,506,35,11,196,178,face
face_253.jpeg,900,506,401,92,516,244,face
face_253.jpeg,900,506,712,54,880,270,face
face_253.jpeg,900,506,624,88,683,197,face
face_253.jpeg,900,506,547,98,587,161,face
face_253.jpeg,900,506,8,12,34,95,face
face_254.jpeg,900,500,424,70,627,286,face
face_254.jpeg,900,500,642,93,826,278,face
face_255.jpeg,1578,789,300,34,571,396,face
face_255.jpeg,1578,789,1131,57,1358,339,face
face_256.jpeg,1280,720,443,107,566,266,face
face_256.jpeg,1280,720,739,9,926,173,face
face_257.jpeg,849,565,96,86,208,201,face
face_257.jpeg,849,565,235,61,332,178,face
face_257.jpeg,849,565,351,70,416,163,face
face_257.jpeg,849,565,428,145,516,236,face
face_257.jpeg,849,565,518,116,593,232,face
face_257.jpeg,849,565,643,108,722,216,face
face_258.jpeg,620,375,252,97,408,300,face
face_259.jpeg,460,276,89,11,320,259,face
face_260.jpeg,620,400,266,44,379,192,face
face_261.jpeg,640,268,175,58,235,127,face
face_261.jpeg,640,268,300,30,350,95,face
face_261.jpeg,640,268,382,64,461,133,face
face_261.jpeg,640,268,485,62,552,130,face
face_262.jpeg,300,204,36,11,106,109,face
face_262.jpeg,300,204,155,42,222,138,face
face_263.jpeg,770,400,364,79,426,149,face
face_263.jpeg,770,400,469,95,515,212,face
face_263.jpeg,770,400,181,72,254,190,face
face_264.jpeg,512,288,123,4,244,131,face
face_265.jpeg,980,490,551,80,654,185,face
face_266.jpeg,2560,1280,106,624,354,883,face
face_266.jpeg,2560,1280,508,286,756,553,face
face_266.jpeg,2560,1280,1016,82,1256,386,face
face_266.jpeg,2560,1280,1256,193,1433,407,face
face_266.jpeg,2560,1280,1603,11,1883,373,face
face_266.jpeg,2560,1280,1888,63,2153,410,face
face_267.jpeg,720,405,70,83,138,160,face
face_267.jpeg,720,405,310,71,352,121,face
face_268.jpeg,634,344,343,107,382,161,face
face_269.jpeg,1024,683,517,89,608,200,face
face_269.jpeg,1024,683,200,109,277,195,face
face_270.jpeg,391,281,35,12,142,185,face
face_270.jpeg,391,281,165,44,251,155,face
face_270.jpeg,391,281,266,43,390,190,face
face_271.jpeg,300,200,83,26,163,131,face
face_271.jpeg,300,200,179,24,243,128,face
face_272.jpeg,650,350,514,26,643,202,face
face_272.jpeg,650,350,241,26,385,176,face
face_272.jpeg,650,350,100,53,189,129,face
face_272.jpeg,650,350,9,32,73,116,face
face_273.jpeg,1500,750,35,185,148,288,face
face_273.jpeg,1500,750,267,66,344,179,face
face_273.jpeg,1500,750,599,76,792,324,face
face_273.jpeg,1500,750,1138,60,1224,188,face
face_273.jpeg,1500,750,1291,285,1353,354,face
face_273.jpeg,1500,750,1455,173,1495,272,face
face_274.jpeg,825,300,84,162,145,227,face
face_274.jpeg,825,300,184,41,243,116,face
face_274.jpeg,825,300,237,151,297,218,face
face_274.jpeg,825,300,392,129,456,196,face
face_274.jpeg,825,300,501,138,554,205,face
face_274.jpeg,825,300,569,127,636,194,face
face_274.jpeg,825,300,517,46,578,105,face
face_275.jpeg,1024,683,410,92,524,222,face
face_276.jpeg,800,600,342,466,435,562,face
face_276.jpeg,800,600,570,337,676,425,face
face_276.jpeg,800,600,119,202,196,280,face
face_276.jpeg,800,600,628,206,690,281,face
face_277.jpeg,1280,720,460,188,734,514,face
face_278.jpeg,1280,720,407,15,872,561,face
face_279.jpeg,1280,720,271,118,739,595,face
face_280.jpeg,1280,720,293,103,463,294,face
face_281.jpeg,1280,720,389,107,620,424,face
face_282.jpeg,1280,720,341,62,566,293,face
face_282.jpeg,1280,720,652,128,787,311,face
face_282.jpeg,1280,720,819,169,1053,400,face
face_283.jpeg,1280,534,261,165,379,252,face
face_283.jpeg,1280,534,391,184,537,322,face
face_283.jpeg,1280,534,672,102,815,252,face
face_284.jpeg,1024,576,170,134,323,281,face
face_284.jpeg,1024,576,516,169,691,329,face
face_284.jpeg,1024,576,712,98,994,305,face
face_285.jpeg,1440,1080,847,300,966,482,face
face_285.jpeg,1440,1080,385,345,488,557,face
face_286.jpeg,1280,720,566,330,720,495,face
face_287.jpeg,1280,720,369,322,602,512,face
face_287.jpeg,1280,720,695,92,921,382,face
face_288.jpeg,1280,720,850,222,926,294,face
face_288.jpeg,1280,720,594,187,657,270,face
face_289.jpeg,1280,800,111,75,270,250,face
face_289.jpeg,1280,800,393,169,637,448,face
face_289.jpeg,1280,800,661,208,850,443,face
face_289.jpeg,1280,800,871,90,1006,288,face
face_289.jpeg,1280,800,1101,184,1259,376,face
face_290.jpeg,1280,720,495,144,612,304,face
face_290.jpeg,1280,720,603,470,735,597,face
face_291.jpeg,1280,720,141,175,378,474,face
face_291.jpeg,1280,720,377,53,621,368,face
face_291.jpeg,1280,720,596,212,785,474,face
face_291.jpeg,1280,720,774,161,879,351,face
face_291.jpeg,1280,720,927,347,1154,561,face
face_292.jpeg,1280,720,219,77,389,335,face
face_292.jpeg,1280,720,621,195,887,455,face
face_292.jpeg,1280,720,377,287,496,489,face
face_293.jpeg,1280,720,689,43,786,202,face
face_293.jpeg,1280,720,1069,355,1267,528,face
face_293.jpeg,1280,720,237,362,403,486,face
face_293.jpeg,1280,720,62,354,206,533,face
face_294.jpeg,1920,1080,1010,238,1361,744,face
face_294.jpeg,1920,1080,520,274,680,516,face
face_295.jpeg,1280,720,484,187,609,300,face
face_295.jpeg,1280,720,707,191,870,340,face
face_295.jpeg,1280,720,216,287,365,445,face
face_296.jpeg,500,510,186,21,289,135,face
face_297.jpeg,640,360,239,62,305,136,face
face_297.jpeg,640,360,318,69,363,120,face
face_298.jpeg,575,385,154,62,236,157,face
face_298.jpeg,575,385,344,121,423,204,face
face_299.jpeg,2760,1015,627,171,918,547,face
face_299.jpeg,2760,1015,907,200,1140,565,face
face_299.jpeg,2760,1015,1138,51,1474,502,face
face_300.jpeg,270,400,127,14,207,125,face
face_301.jpeg,2700,1800,459,231,1360,1139,face
face_302.jpeg,600,320,3,46,126,202,face
face_302.jpeg,600,320,139,46,238,178,face
face_302.jpeg,600,320,270,29,400,182,face
face_302.jpeg,600,320,379,2,536,167,face
face_303.jpeg,600,316,23,18,203,251,face
face_303.jpeg,600,316,267,17,348,130,face
face_303.jpeg,600,316,439,15,593,274,face
face_304.jpeg,1920,1080,867,62,1046,243,face
face_304.jpeg,1920,1080,1356,148,1541,298,face
face_304.jpeg,1920,1080,416,323,560,466,face
face_305.jpeg,630,1055,348,19,435,110,face
face_305.jpeg,630,1055,154,275,350,435,face
face_305.jpeg,630,1055,342,551,442,656,face
face_305.jpeg,630,1055,180,832,435,1017,face
face_306.jpeg,1500,788,411,353,492,457,face
face_307.jpeg,2000,1000,366,171,511,307,face
face_307.jpeg,2000,1000,956,74,1064,195,face
face_307.jpeg,2000,1000,1577,139,1710,310,face
face_308.jpeg,320,180,91,13,173,111,face
face_309.jpeg,1200,600,172,170,376,430,face
face_309.jpeg,1200,600,298,64,493,304,face
face_309.jpeg,1200,600,510,92,771,517,face
face_309.jpeg,1200,600,801,73,1018,363,face
face_309.jpeg,1200,600,1014,210,1199,598,face
face_310.jpeg,2000,1333,141,193,362,462,face
face_310.jpeg,2000,1333,763,486,964,665,face
face_310.jpeg,2000,1333,650,78,865,338,face
face_310.jpeg,2000,1333,1291,124,1515,366,face
face_310.jpeg,2000,1333,1586,397,1772,574,face
face_310.jpeg,2000,1333,958,286,1161,492,face
face_311.jpeg,337,500,59,165,116,246,face
face_311.jpeg,337,500,144,152,197,236,face
face_311.jpeg,337,500,219,154,277,210,face
face_312.jpeg,539,659,230,34,421,266,face
face_312.jpeg,539,659,111,351,315,571,face
face_313.jpeg,660,350,300,58,492,260,face
face_314.jpeg,480,360,165,113,209,165,face
face_314.jpeg,480,360,320,144,373,198,face
face_314.jpeg,480,360,264,174,300,229,face
face_315.jpeg,1000,667,339,165,423,262,face
face_315.jpeg,1000,667,436,100,540,205,face
face_315.jpeg,1000,667,582,271,647,353,face
face_316.jpeg,2000,1000,1107,253,1395,621,face
face_317.jpeg,1600,1053,1249,163,1474,389,face
face_317.jpeg,1600,1053,936,138,1158,380,face
face_317.jpeg,1600,1053,687,244,880,481,face
face_317.jpeg,1600,1053,346,286,552,492,face
face_317.jpeg,1600,1053,59,342,227,536,face
face_318.jpeg,779,438,230,118,340,245,face
face_318.jpeg,779,438,489,124,572,230,face
face_318.jpeg,779,438,601,80,701,188,face
face_318.jpeg,779,438,502,211,620,307,face
face_319.jpeg,800,480,36,4,132,155,face
face_319.jpeg,800,480,206,46,280,197,face
face_319.jpeg,800,480,316,32,427,162,face
face_319.jpeg,800,480,445,111,522,250,face
face_319.jpeg,800,480,583,121,679,287,face
face_320.jpeg,838,419,397,154,467,220,face
face_321.jpeg,823,1200,249,119,550,421,face
face_322.jpeg,1600,840,111,77,512,694,face
face_322.jpeg,1600,840,477,189,773,685,face
face_322.jpeg,1600,840,786,180,1043,690,face
face_322.jpeg,1600,840,1047,21,1540,517,face
face_323.jpeg,1500,600,200,197,369,385,face
face_323.jpeg,1500,600,925,159,1110,343,face
face_323.jpeg,1500,600,640,374,811,538,face
face_323.jpeg,1500,600,1201,233,1339,366,face
face_323.jpeg,1500,600,424,255,595,431,face
face_324.jpeg,994,330,263,106,348,193,face
face_324.jpeg,994,330,65,106,139,188,face
face_324.jpeg,994,330,379,69,480,166,face
face_324.jpeg,994,330,493,129,574,200,face
face_324.jpeg,994,330,572,123,646,212,face
face_324.jpeg,994,330,860,74,930,171,face
face_325.jpeg,1440,584,343,91,739,500,face
face_325.jpeg,1440,584,795,49,1104,425,face
face_326.jpeg,1000,1413,316,266,386,328,face
face_326.jpeg,1000,1413,477,237,556,324,face
face_326.jpeg,1000,1413,686,262,738,343,face
face_327.jpeg,700,465,297,68,456,231,face
face_328.jpeg,480,360,208,33,281,129,face
face_328.jpeg,480,360,89,144,166,220,face
face_329.jpeg,845,632,6,115,158,296,face
face_329.jpeg,845,632,172,42,324,233,face
face_329.jpeg,845,632,409,61,541,239,face
face_329.jpeg,845,632,581,71,737,257,face
face_330.jpeg,959,640,319,149,473,299,face
face_330.jpeg,959,640,555,181,681,311,face
face_331.jpeg,400,260,137,26,204,96,face
face_331.jpeg,400,260,47,32,104,95,face
face_331.jpeg,400,260,289,38,346,110,face
face_332.jpeg,600,397,302,76,431,235,face
face_333.jpeg,1024,678,223,153,287,208,face
face_333.jpeg,1024,678,272,246,336,307,face
face_333.jpeg,1024,678,322,353,389,407,face
face_333.jpeg,1024,678,348,206,407,257,face
face_333.jpeg,1024,678,534,277,590,335,face
face_333.jpeg,1024,678,426,300,487,354,face
face_333.jpeg,1024,678,362,102,423,161,face
face_333.jpeg,1024,678,498,117,562,174,face
face_333.jpeg,1024,678,453,188,514,245,face
face_333.jpeg,1024,678,571,184,628,239,face
face_333.jpeg,1024,678,618,104,669,162,face
face_333.jpeg,1024,678,681,163,733,212,face
face_333.jpeg,1024,678,662,269,726,323,face
face_333.jpeg,1024,678,823,252,889,321,face
face_333.jpeg,1024,678,742,100,799,154,face
face_333.jpeg,1024,678,792,160,845,217,face
face_334.jpeg,742,508,25,122,137,247,face
face_334.jpeg,742,508,161,70,308,254,face
face_334.jpeg,742,508,354,72,520,280,face
face_334.jpeg,742,508,550,81,708,256,face
face_335.jpeg,600,300,322,44,379,116,face
face_336.jpeg,2033,776,177,280,418,570,face
face_336.jpeg,2033,776,592,118,805,393,face
face_336.jpeg,2033,776,916,229,1090,449,face
face_336.jpeg,2033,776,1155,70,1365,282,face
face_336.jpeg,2033,776,1282,330,1471,592,face
face_336.jpeg,2033,776,1668,415,1842,623,face
face_337.jpeg,740,267,122,4,270,141,face
face_337.jpeg,740,267,137,162,250,239,face
face_337.jpeg,740,267,367,52,515,207,face
face_337.jpeg,740,267,542,9,671,131,face
face_338.jpeg,760,507,156,50,239,140,face
face_339.jpeg,651,395,369,53,440,137,face
face_340.jpeg,630,420,304,28,476,228,face
face_341.jpeg,786,487,184,139,266,247,face
face_342.jpeg,480,268,123,12,224,115,face
face_342.jpeg,480,268,276,20,376,121,face
face_343.jpeg,1024,684,114,147,191,232,face
face_343.jpeg,1024,684,65,176,124,253,face
face_343.jpeg,1024,684,318,152,390,240,face
face_343.jpeg,1024,684,399,159,453,239,face
face_343.jpeg,1024,684,478,193,546,264,face
face_343.jpeg,1024,684,682,143,806,275,face
face_343.jpeg,1024,684,901,168,995,283,face
face_343.jpeg,1024,684,597,198,663,258,face
face_343.jpeg,1024,684,224,200,293,258,face
face_343.jpeg,1024,684,11,172,48,233,face
face_343.jpeg,1024,684,632,170,659,197,face
face_344.jpeg,640,360,313,73,382,165,face
face_345.jpeg,750,399,212,9,455,359,face
face_346.jpeg,700,384,320,16,520,202,face
face_347.jpeg,600,281,51,96,116,158,face
face_347.jpeg,600,281,139,83,204,150,face
face_347.jpeg,600,281,403,99,445,150,face
face_347.jpeg,600,281,483,104,537,168,face
face_348.jpeg,1200,600,142,125,424,444,face
face_349.jpeg,640,360,174,20,311,210,face
face_349.jpeg,640,360,312,125,392,201,face
face_349.jpeg,640,360,208,170,302,309,face
face_349.jpeg,640,360,459,217,536,283,face
face_350.jpeg,849,348,274,85,338,183,face
face_350.jpeg,849,348,349,51,392,100,face
face_351.jpeg,1280,720,529,37,937,584,face
face_352.jpeg,614,346,256,35,393,213,face
face_353.jpeg,704,396,230,94,434,294,face
face_354.jpeg,1024,1024,420,59,635,327,face
face_355.jpeg,1200,627,196,75,352,260,face
face_355.jpeg,1200,627,404,251,541,392,face
face_355.jpeg,1200,627,657,212,798,353,face
face_355.jpeg,1200,627,854,62,1036,242,face
face_356.jpeg,1160,660,339,351,472,483,face
face_356.jpeg,1160,660,362,129,448,259,face
face_356.jpeg,1160,660,512,109,612,226,face
face_356.jpeg,1160,660,635,280,787,410,face
face_356.jpeg,1160,660,919,108,1141,271,face
face_356.jpeg,1160,660,846,399,1019,557,face
face_357.jpeg,3500,1838,80,206,748,1006,face
face_357.jpeg,3500,1838,615,80,1526,1176,face
face_357.jpeg,3500,1838,1566,268,2350,1386,face
face_357.jpeg,3500,1838,2553,355,3247,1313,face
face_358.jpeg,1024,512,201,34,287,145,face
face_358.jpeg,1024,512,435,65,510,151,face
face_358.jpeg,1024,512,695,68,770,151,face
face_358.jpeg,1024,512,790,106,898,197,face
face_359.jpeg,1024,576,211,75,370,265,face
face_359.jpeg,1024,576,397,190,468,283,face
face_359.jpeg,1024,576,464,242,502,286,face
face_359.jpeg,1024,576,512,218,561,277,face
face_359.jpeg,1024,576,585,209,644,274,face
face_359.jpeg,1024,576,658,148,767,250,face
face_360.jpeg,600,255,212,37,277,131,face
face_361.jpeg,970,662,202,73,276,166,face
face_361.jpeg,970,662,356,79,430,149,face
face_361.jpeg,970,662,534,166,599,243,face
face_361.jpeg,970,662,679,92,737,168,face
face_361.jpeg,970,662,739,74,819,146,face
face_362.jpeg,600,300,137,49,184,106,face
face_363.jpeg,4992,3328,309,435,1400,1957,face
face_363.jpeg,4992,3328,1542,854,2364,2116,face
face_363.jpeg,4992,3328,2689,1082,3601,2474,face
face_363.jpeg,4992,3328,3308,443,4732,1798,face
face_364.jpeg,3198,1024,468,426,766,692,face
face_364.jpeg,3198,1024,1102,311,1358,567,face
face_364.jpeg,3198,1024,1764,183,2055,439,face
face_364.jpeg,3198,1024,2217,470,2536,740,face
face_365.jpeg,509,276,84,34,162,169,face
face_365.jpeg,509,276,144,89,218,174,face
face_365.jpeg,509,276,251,91,323,188,face
face_365.jpeg,509,276,391,58,474,135,face
face_365.jpeg,509,276,325,11,408,126,face
face_366.jpeg,697,374,317,10,399,93,face
face_367.jpeg,840,493,532,185,658,304,face
face_368.jpeg,600,322,241,21,507,284,face
face_369.jpeg,640,355,143,5,397,304,face
face_370.jpeg,1000,563,382,188,442,271,face
face_371.jpeg,423,624,157,22,379,370,face
face_372.jpeg,720,480,259,68,337,219,face
face_372.jpeg,720,480,326,108,397,251,face
face_373.jpeg,600,296,202,48,320,203,face
face_374.jpeg,825,464,607,40,667,100,face
face_374.jpeg,825,464,606,201,679,277,face
face_374.jpeg,825,464,515,162,568,234,face
face_374.jpeg,825,464,340,157,407,239,face
face_374.jpeg,825,464,193,160,263,253,face
face_374.jpeg,825,464,266,153,303,237,face
face_374.jpeg,825,464,88,14,139,130,face
face_375.jpeg,3500,2333,520,793,910,1146,face
face_375.jpeg,3500,2333,944,463,1301,861,face
face_375.jpeg,3500,2333,1388,395,1665,709,face
face_375.jpeg,3500,2333,1699,402,1991,793,face
face_375.jpeg,3500,2333,2048,744,2351,1130,face
face_375.jpeg,3500,2333,2404,1108,2734,1419,face
face_375.jpeg,3500,2333,2908,1191,3254,1479,face
face_376.jpeg,1920,1081,847,162,1038,387,face
face_377.jpeg,1920,1080,192,85,502,432,face
face_377.jpeg,1920,1080,803,72,1105,391,face
face_377.jpeg,1920,1080,1352,83,1595,327,face
face_378.jpeg,700,525,248,13,394,171,face
face_379.jpeg,1920,1080,605,284,968,617,face
face_380.jpeg,1170,560,216,229,331,350,face
face_380.jpeg,1170,560,359,231,486,347,face
face_380.jpeg,1170,560,531,191,629,296,face
face_380.jpeg,1170,560,611,162,685,276,face
face_380.jpeg,1170,560,735,138,827,242,face
face_380.jpeg,1170,560,650,63,735,175,face
face_381.jpeg,640,240,251,32,297,82,face
face_382.jpeg,1024,768,264,91,526,371,face
face_382.jpeg,1024,768,94,126,314,418,face
face_383.jpeg,630,1200,147,16,533,448,face
face_384.jpeg,759,422,337,86,412,168,face
face_385.jpeg,580,326,270,79,395,225,face
face_386.jpeg,640,360,335,1,393,67,face
face_386.jpeg,640,360,49,105,104,145,face
face_386.jpeg,640,360,572,99,623,150,face
face_386.jpeg,640,360,518,288,573,340,face
face_386.jpeg,640,360,193,94,233,141,face
face_387.jpeg,992,415,330,61,413,161,face
face_388.jpeg,992,631,107,25,244,181,face
face_388.jpeg,992,631,365,118,487,252,face
face_388.jpeg,992,631,576,143,673,247,face
face_388.jpeg,992,631,775,142,895,262,face
face_388.jpeg,992,631,623,301,700,471,face
face_389.jpeg,992,662,450,395,546,513,face
face_389.jpeg,992,662,276,457,337,550,face
face_389.jpeg,992,662,100,416,179,533,face
face_389.jpeg,992,662,112,213,203,318,face
face_389.jpeg,992,662,277,215,374,331,face
face_389.jpeg,992,662,416,215,520,302,face
face_389.jpeg,992,662,633,143,717,247,face
face_389.jpeg,992,662,819,233,909,340,face
face_389.jpeg,992,662,798,155,878,254,face
face_389.jpeg,992,662,976,184,992,291,face
face_390.jpeg,500,224,81,38,148,84,face
face_390.jpeg,500,224,288,10,336,69,face
face_390.jpeg,500,224,346,6,381,72,face
face_390.jpeg,500,224,397,2,445,83,face
face_391.jpeg,774,500,144,31,516,359,face
face_392.jpeg,500,373,190,62,379,242,face
face_393.jpeg,500,333,89,61,148,130,face
face_393.jpeg,500,333,130,152,187,214,face
face_393.jpeg,500,333,226,124,279,186,face
face_393.jpeg,500,333,162,9,238,74,face
face_393.jpeg,500,333,251,64,315,118,face
face_393.jpeg,500,333,330,20,391,78,face
face_394.jpeg,1063,597,37,19,166,162,face
face_394.jpeg,1063,597,191,102,286,222,face
face_394.jpeg,1063,597,259,73,351,177,face
face_394.jpeg,1063,597,372,107,439,208,face
face_394.jpeg,1063,597,522,8,647,151,face
face_394.jpeg,1063,597,698,134,826,263,face
face_394.jpeg,1063,597,616,97,686,194,face
face_394.jpeg,1063,597,873,46,944,155,face
face_394.jpeg,1063,597,805,96,892,201,face
face_394.jpeg,1063,597,197,257,316,412,face
face_394.jpeg,1063,597,418,280,528,418,face
face_394.jpeg,1063,597,574,330,702,471,face
face_395.jpeg,702,336,370,88,442,170,face
face_395.jpeg,702,336,502,96,559,156,face
face_395.jpeg,702,336,569,83,640,154,face
face_395.jpeg,702,336,277,37,340,112,face
face_396.jpeg,736,441,325,49,390,109,face
face_396.jpeg,736,441,601,50,674,118,face
face_397.jpeg,1024,683,196,163,293,262,face
face_397.jpeg,1024,683,434,210,499,283,face
face_397.jpeg,1024,683,526,217,613,318,face
face_397.jpeg,1024,683,323,495,348,517,face
face_397.jpeg,1024,683,269,510,295,532,face
face_398.jpeg,640,385,350,46,445,150,face
face_399.jpeg,880,587,430,63,623,261,face
face_400.jpeg,1357,1357,488,323,814,650,face
face_400.jpeg,1357,1357,159,528,425,810,face
face_400.jpeg,1357,1357,722,837,992,1160,face
face_401.jpeg,567,319,364,99,412,152,face
face_402.jpeg,1600,900,323,129,432,249,face
face_402.jpeg,1600,900,523,51,617,188,face
face_402.jpeg,1600,900,614,220,703,283,face
face_402.jpeg,1600,900,754,207,853,321,face
face_402.jpeg,1600,900,898,124,974,222,face
face_402.jpeg,1600,900,1068,48,1171,155,face
face_402.jpeg,1600,900,1235,117,1339,240,face
face_403.jpeg,1938,1168,838,273,1140,609,face
face_404.jpeg,1280,720,220,14,767,611,face
face_405.jpeg,1280,720,778,66,1160,488,face
face_406.jpeg,1280,720,425,4,639,254,face
face_407.jpeg,935,514,189,182,293,318,face
face_407.jpeg,935,514,543,180,695,326,face
face_408.jpeg,656,493,210,140,263,207,face
face_408.jpeg,656,493,299,191,357,277,face
face_408.jpeg,656,493,440,189,468,234,face
face_408.jpeg,656,493,109,230,148,278,face
face_408.jpeg,656,493,47,266,74,289,face
face_408.jpeg,656,493,164,122,187,150,face
face_408.jpeg,656,493,318,115,346,159,face
face_408.jpeg,656,493,389,156,407,177,face
face_408.jpeg,656,493,507,204,526,226,face
face_408.jpeg,656,493,527,254,558,309,face
